{"cameraMode":{"drawMode":0,"name":"Shaded","section":"Shading Mode"},"sceneLighting":false,"audioPlay":false,"sceneViewState":{"showFog":true,"showMaterialUpdate":false,"showSkybox":true,"showFlares":true,"showImageEffects":true,"showParticleSystems":true},"in2DMode":false,"pivot":{"x":6.800000190734863,"y":-0.030361175537109376,"z":-8.800000190734864},"rotation":{"x":0.019979819655418397,"y":0.9613558053970337,"z":-0.26483154296875,"w":0.07252825051546097},"size":10.0,"orthographic":false}