{"cameraMode":{"drawMode":0,"name":"Shaded","section":"Shading Mode"},"sceneLighting":true,"audioPlay":false,"sceneViewState":{"showFog":true,"showMaterialUpdate":false,"showSkybox":true,"showFlares":true,"showImageEffects":true,"showParticleSystems":true},"in2DMode":false,"pivot":{"x":0.3233374357223511,"y":0.08182546496391297,"z":-0.6773523092269898},"rotation":{"x":-0.087091363966465,"y":-0.7226999998092651,"z":0.09264679253101349,"w":-0.6793647408485413},"size":1.1950798034667969,"orthographic":false}